[
    {
        "id": 2,
        "produto": "Teste",
        "categorias": "Teste Solut",
        "url": "teste-solut",
        "promocao": "1",
        "fispq": null
    },
    {
        "id": 2,
        "produto": "Teste",
        "categorias": "Teste Solut",
        "url": "teste-solution",
        "promocao": "0",
        "fispq": null
    },
    {
        "id": 3,
        "produto": "Teste",
        "categorias": "Teste Solut",
        "url": "teste-solut",
        "promocao": "0",
        "fispq": "storage\/app\/public\/pdf\/pdf_6507123ce4a50.pdf"
    },
    {
        "id": 4,
        "produto": "Testesss",
        "categorias": "Teste Solut",
        "url": "teste-solut",
        "promocao": "1",
        "fispq": "storage\/app\/public\/pdf\/pdf_6508d26d5fe44.pdf"
    },
    {
        "id": 5,
        "produto": "Acido \u00darico",
        "categorias": "Solventes",
        "url": "solventes",
        "promocao": "0",
        "fispq": "storage\/app\/public\/pdf\/pdf_6508e4c28f484.pdf"
    },
    {
        "id": 6,
        "produto": "Laaaa",
        "categorias": "Laaaa",
        "url": "laaaa",
        "fispq": "storage\/app\/public\/pdf\/pdf_6510577f4a447.pdf",
        "promocao": 0
    }
]